# Don't forget to fix duplicate names
# This file made with '/home/cleo31/bin/makeEmailList > names.list'
AJM  ajm36@cornell.edu                   Magerkurth           Alan Magerkurth                Cornell             
AJS  ajs@lns.cornell.edu                 Sadoff               Ahren Sadoff                   Cornell             
AJW  ajw@lns.cornell.edu                 Weinstein            Alan Weinstein                 CalTech             
ASMI smith@mnhep.hep.umn.edu             Smith                Alex Smith                     Minnesota           
BAYA erdene@suhep.phy.syr.edu            Dambasuren           Bayar Dambasuren               Syracuse            
BCH  chaouki@suhep.phy.syr.edu           Boulahouache         Chaouki Boulahouache           Syracuse            
BG   bg@lns.cornell.edu                  Gittelman            Bernie Gittelman               Cornell             
BIE  bie@uiuc.edu                        Eisenstein           Bob Eisenstein                 Illinois            
BKAM kamal@mail.lns.cornell.edu          Benslama             Kamal Benslama                 Syracuse            
BKH  bkh@mail.lns.cornell.edu            Heltsley             Brian Heltsley                 Cornell             
BORN bornheim@mail.lns.cornell.edu       Bornheim             Adi Bornheim                   CalTech             
BSA  basit@hepmail.phy.albany.edu        Athar                Basit Athar                    Albany              
BULA rahmi@hepmail.phy.albany.edu        Bula                 Rahmi Bula                     Albany              
CDJ  cdj@lns.cornell.edu                 Jones                Chris Jones                    Cornell             
CGWO cgwon@pacific.mps.ohio-state.edu    Gwon                 Chul Gwon                      Ohio-State          
CINA cinabro@motor1.physics.wayne.edu    Cinabro              Dave Cinabro                   Wayne-State         
CJA  cja23@cornell.edu                   AndersonC            Chris Anderson                 Cornell             
COAN coan@mail.physics.smu.edu           Coan                 Thomas Coan                    SMU                 
CPLA cplager@uiuc.edu                    Plager               Charles Plager                 Illinois            
CSED csedlack@uiuc.edu                   Sedlack              Chris Sedlack                  Illinois            
CSOR csorna@phyv01.phy.vanderbilt.edu    Csorna               Steve Csorna                   Vanderbilt          
CSTP cstepan@hep.umn.edu                 Stepaniak            Chris Stepaniak                Minnesota           
DCU  urner@mail.lns.cornell.edu          Urner                David Urner                    Cornell             
DD   dgd4@mail.lns.cornell.edu           Dobra                Delia Dobra                    Cornell             
DGC  dgc@lns.cornell.edu                 Cassel               Dave Cassel                    Cornell             
DHM  miller@physics.purdue.edu           Miller               Dave Miller                    Purdue              
DIRK hufnagel@mps.ohio-state.edu         Hufnagel             Dirk Hufnagel                  Ohio-State          
DKIM dkim@huhepl.harvard.edu             Kim                  Daniel Kim                     Harvard             
DLH  dlh@lns.cornell.edu                 Hartill              Don Hartill                    Cornell             
DLK  dlk@lns.cornell.edu                 Kreinick             David Kreinick                 Cornell             
DPP  dpp@lns.cornell.edu                 Peterson             Dan Peterson                   Cornell             
DSR  dsr@lns.cornell.edu                 Riley                Dan Riley                      Cornell             
DZB  dzb@mail.lns.cornell.edu            Besson               Dave Besson                    Kansas              
EAE  eckhart@pacific.mps.ohio-state.edu  Eckhart              Eric Eckhart                   Ohio-State          
EHT  thorn@urhep.pas.rochester.edu       Thorndike            Ed Thorndike                   Rochester           
EIS  shibata@physics.purdue.edu          Shibata              Ed Shibata                     Purdue              
ERSH ershov@mail.lns.cornell.edu         Ershov               Alexey Ershov                  Harvard             
EVT  evt@pacific.mps.ohio-state.edu      vonToerne            Eckhard vonToerne              Ohio-State          
FBLA fblanc@mail.lns.cornell.edu         Blanc                Frederic Blanc                 Cornell             
FENG feng@mail.physics.smu.edu           Liu                  Feng Liu                       SMU                 
FROL frolov@mail.lns.cornell.edu         Frolov               Valera Frolov                  Minnesota           
FRW  frank@hepmail.phy.albany.edu        Wappler              Frank Wappler                  Albany              
GAN  gan@mps.ohio-state.edu              Gan                  K.K. Gan                       Ohio-State          
GAOY gao@mail.physics.smu.edu            Gao                  Yongsheng Gao                  SMU                 
GARY glb23@cornell.edu                   Babbitt              Gary Babbitt                   Cornell             
GBON giovanni@physics.wayne.edu          Bonvicini            Giovanni Bonvicini             Wayne-State         
GCM  moneti@suhep.phy.syr.edu            Moneti               Giancarlo Moneti               Syracuse            
GEG  geg@pobox.hep.uiuc.edu              Gladding             Gary Gladding                  Illinois            
GG   g-gollin@uiuc.edu                   Gollin               George Gollin                  Illinois            
GMS  gms14@cornell.edu                   Strieter             Gretchen Strieter              Cornell             
GPC  chengp@lns.cornell.edu              ChenG                GuangPei Chen                  Carnegie            
GT   gocha@mail.lns.cornell.edu          Tatishvili           Gocha Tatishvili               Carnegie            
GWB  brandenburg@huhepl.harvard.edu      Brandenburg          George Brandenburg             Harvard             
HENN hennessy@mail.lns.cornell.edu       Cronin-Hennessy      Dan Cronin-Hennessy            Rochester           
HMK  mahlke@mail.lns.cornell.edu         Mahlke-Krueger       Hanna Mahlke-Krueger           Cornell             
HPK  kagan@mps.ohio-state.edu            Kagan                Harris Kagan                   Ohio-State          
HPP  hpaar@ucsd.edu                      Paar                 Hans Paar                      San-Diego           
HS   hs@mail.nhn.ou.edu                  Severini             Horst Severini                 Oklahoma            
HST  holger@phys.ufl.edu                 Stoeck               Holger Stoeck                  Florida             
HUBT hubert@lns.Cornell.edu              Schwarthoff          Hubert Schwarthoff             Cornell             
HXV  vogelh@lns.cornell.edu              Vogel                Helmut Vogel                   Carnegie            
INGA karliner@uiuc.edu                   Karliner             Inga Karliner                  Illinois            
IZD  istvan.z.danko@vanderbilt.edu       Danko                Istvan Danko                   Vanderbilt          
JAE  jae@lns.cornell.edu                 Ernst                Jesse Ernst                    Illinois            
JAM  mccann@mail.lns.cornell.edu         McCann               Jim McCann                     Cornell             
JBW  jbwillia@pobox.hep.uiuc.edu         Williams             Jeremy Williams                Illinois            
JCW  jwang@suhep.phy.syr.edu             Wang                 Jianchun Wang                  Syracuse            
JED  jed@mail.lns.cornell.edu            Duboscq              Jean Duboscq                   Cornell             
JGT  gt17@cornell.edu                    ThayerG              Gregg Thayer                   Cornell             
JH   hinson@physics.purdue.edu           Hinson               Jason Hinson                   Purdue              
JIMA jima@lns.cornell.edu                Alexander            Jim Alexander                  Cornell             
JJT  jjt@uiuc.edu                        Thaler               Jon Thaler                     Illinois            
JK   jk@lns.cornell.edu                  Kandaswamy           J. Kandaswamy                  Cornell             
JL   jiklee@lns.cornell.edu              LeeJ                 Jik Lee                        Purdue              
JLOR jlorenc@pacific.mps.ohio-state.edu  ThayerJ              Jana Thayer                    Ohio-State          
JMY  yelton@phys.ufl.edu                 Yelton               John Yelton                    Florida             
JSK  jsk1@mail.lns.cornell.edu           Kelly                Jamie Kelly                    Cornell             
KE   edwards@physics.carleton.ca         Edwards              Ken Edwards                    Canada              
KH   kh@mps.ohio-state.edu               Honscheid            Klaus Honscheid                Ohio-State          
KME  kme@mail.lns.cornell.edu            Ecklund              Karl Ecklund                   Cornell             
KVB  kbukin@suhep.phy.syr.edu            Bukin                Konstantin Bukin               Syracuse            
LIPE lipeles@mail.lns.cornell.edu        Lipeles              Elliot Lipeles                 CalTech             
LIUJ liujian@hepmail.phy.albany.edu      Jian                 Liu Jian                       Albany              
LKG  lkg@lns.cornell.edu                 Gibbons              Lawrence Gibbons               Cornell             
LLH  llh14@cornell.edu                   Hsu                  Lauren Hsu                     Cornell             
LYON lyon@lns.cornell.edu                Lyon                 Adam Lyon                      Rochester           
MA   artuso@suhep.phy.syr.edu            Artuso               Marina Artuso                  Syracuse            
MARA maravin@mail.physics.smu.edu        Maravin              Yuri Maravin                   SMU                 
MATS mats@pobox.hep.uiuc.edu             Selen                Mats Selen                     Illinois            
MDUB dubrovin@mail.lns.cornell.edu       Dubrovin             Mikhail Dubrovin               Wayne-State         
MEN  men@lns62.lns.cornell.edu           Nordberg             Emery Nordberg                 Cornell             
MLW  mlw33@cornell.edu                   Weinberger           Michael Weinberger             Cornell             
MM   marsh@mail.lns.cornell.edu          Marsh                Mike Marsh                     Illinois            
MRS  mrs43@cornell.edu                   Shepherd             Matt Shepherd                  Cornell             
NARS narsky@mail.lns.cornell.edu         Narsky               Ilya Narsky                    SMU                 
NATE nate_720@yahoo.com                  Kabelac              Nate Kabelac                   Cornell             
NBM  nbm@lns62.lns.cornell.edu           Mistry               Nari Mistry                    Cornell             
NEA  nea9@cornell.edu                    Adam                 Nadia Adam                     Cornell             
NH   nahmin@suhep.phy.syr.edu            Horwitz              Nahmin Horwitz                 Syracuse            
NORM nlowrey@mail.lns.cornell.edu        Lowrey               Norm Lowrey                    Illinois            
OPEN shift@lns.cornell.edu               Coordinator          Shift Coordinator              SHIFT               
PAJ  pjensen@mail.lns.cornell.edu        Jensen               Peter Jensen                   Cornell             
PARK wpark@lns.cornell.edu               Park                 Woochun Park                   Rochester           
PCS  pcs@mail.lns.cornell.edu            ParkC                Chul_Su Park                   Rochester           
PLS  pls@mail.nhn.ou.edu                 Skubic               Pat Skubic                     Oklahoma            
PRA  avery@phys.ufl.edu                  Avery                Paul Avery                     Florida             
PSD  persis@lns.cornell.edu              Drell                Persis Drell                   Cornell             
RAB  briere@lns.cornell.edu              Briere               Roy Briere                     Carnegie            
RAP  rap@lns.cornell.edu                 Poling               Ron Poling                     Minnesota           
RAS  ryszard@mail.physics.smu.edu        Stroynowski          Richard Stroynowski            SMU                 
RAYM raym@suhep.phy.syr.edu              Mountain             Ray Mountain                   Syracuse            
RDE  rde@lns62.lns.cornell.edu           Ehrlich              Richard Ehrlich                Cornell             
RDK  kass@mps.ohio-state.edu             Kass                 Richard Kass                   Ohio-State          
RHAN rhans@uiuc.edu                      Hans                 Randal Hans                    Illinois            
RKM  rupak@lns.cornell.edu               Mahapatra            Rupak Mahapatra                San-Diego           
RP   ritchie@lns.cornell.edu             Patterson            Ritchie Patterson              Cornell             
RSG  rsg@lns62.lns.cornell.edu           Galik                Rich Galik                     Cornell             
SAJ  msa90@cnsvax.albany.edu             Alam                 Saj Alam                       Albany              
SALM saleem@hepmail.phy.albany.edu       Muhammad             Saleem Muhammad                Albany              
SEAN mcgee@physics.wayne.edu             McGee                Sean McGee                     Wayne-State         
SHAP anna@mail.lns.cornell.edu           Shapiro              Anna Shapiro                   CalTech             
SLEE slee@lns62.lns.cornell.edu          LeeS                 Sangjoon Lee                   Minnesota           
SLS  stone@suhep.phy.syr.edu             Stone                Sheldon Stone                  Syracuse            
SNAM swnam@mail.lns.cornell.edu          Nam                  Shinwoo Nam                    Pittsburgh          
SON  shson@physics.purdue.edu            Son                  Seunghee Son                   Purdue              
SPP  pappas@mail.lns.cornell.edu         Pappas               Steve Pappas                   CalTech             
STEF stefan@mail.lns.cornell.edu         Anderson             Stefan Anderson                Minnesota           
SWG  swg@lns.cornell.edu                 Gray                 Steve Gray                     Cornell             
TAF  taf@lns.cornell.edu                 Ferguson             Tom Ferguson                   Carnegie            
TMW  wilksen@mps.ohio-state.edu          Wilksen              Tim Wilksen                    Ohio-State          
TODD todd@lns.cornell.edu                Pedlar               Todd Pedlar                    Ohio-State          
TOM  tom@lns.cornell.edu                 Meyer                Thomas Meyer                   Cornell             
TS   tomasz@suhep.phy.syr.edu            Skwarnicki           Tomasz Skwarnicki              Syracuse            
URHE urheim@mail.lns.cornell.edu         Urheim               Jon Urheim                     Minnesota           
VB   vb20@cornell.edu                    Boisvert             Veronique Boisvert             Cornell             
VIEH viehhaus@mail.lns.cornell.edu       Viehhauser           Georg Viehhauser               Cornell             
VP   victor@physics.purdue.edu           Pavlunin             Victor Pavlunin                Purdue              
VPS  savinov@lns62.lns.cornell.edu       Savinov              Vladimir Savinov               Pittsburgh          
WARB awarburt@mail.lns.cornell.edu       Warburton            Andreas Warburton              Cornell             
WSUN wsun@mail.lns.cornell.edu           Sun                  Werner Sun                     CalTech             
XINZ xinz@mail.lns.cornell.edu           Zhao                 Xin Zhao                       Kansas              
XUZ  xuz@lns62.lns.cornell.edu           Xu                   Zhaohui Xu                     Vanderbilt          
YEJB yejb@mail.physics.smu.edu           Ye                   Jingbo Ye                      SMU                 
YK   yk@mnhep.hep.umn.edu                Kubota               Yuichi Kubota                  Minnesota           
